IOC, Valid From, Valid Until
p1v12.17nor.com,2024-02-06T00:00:00Z,2024-09-07T00:00:00Z
q908q.refec7.com,2024-03-08T00:00:00Z,2024-09-07T00:00:00Z
kjlvo.ningeona.com,2024-03-12T00:00:00Z,2024-09-08T00:00:00Z
0q5e0.nemen9.com,2024-03-12T00:00:00Z,2024-09-08T00:00:00Z
4343w.jgu0.com,2024-03-07T00:00:00Z,2024-09-08T00:00:00Z
pmd8ot6xhw.3qjpc.com,2024-03-07T00:00:00Z,2024-09-08T00:00:00Z
8000n.uqin.ru,2024-02-06T00:00:00Z,2024-09-07T00:00:00Z
xva.tjlpkcia.com,2024-03-12T00:00:00Z,2024-09-08T00:00:00Z
zaqaxu.dthiterp.ru,2024-03-07T00:00:00Z,2024-09-07T00:00:00Z
buneji.fiernmar.com,2024-03-10T00:00:00Z,2024-09-06T00:00:00Z
gz238.uatimin.com,2024-03-13T00:00:00Z,2024-06-12T00:00:00Z
libudi.oreversa.com,2024-03-08T00:00:00Z,2024-09-07T00:00:00Z
x12y.restrice.ru,2024-03-05T00:00:00Z,2024-09-08T00:00:00Z
8uecv.gnornamb.com,2024-03-12T00:00:00Z,2024-09-08T00:00:00Z
roriku.orankfix.com,2024-03-13T00:00:00Z,2024-06-12T00:00:00Z
l846d.ferver8.com,2024-03-08T00:00:00Z,2024-09-04T00:00:00Z
tlger-surveillance.com,2024-03-11T00:00:00Z,2024-09-07T00:00:00Z
wasogo.shantowd.com,2024-03-12T00:00:00Z,2024-09-08T00:00:00Z
ex1uo.rhknt.ru,2024-03-12T00:00:00Z,2024-09-08T00:00:00Z
xrs.chenebystie.com,2024-03-12T00:00:00Z,2024-09-08T00:00:00Z
k348d.venti71.com,2024-03-07T00:00:00Z,2024-09-04T00:00:00Z
9c43r.theq0.com,2024-01-25T00:00:00Z,2024-09-07T00:00:00Z
oo99v.coqqwx.ru,2024-03-10T00:00:00Z,2024-09-06T00:00:00Z
98q5e.ructin.com,2024-03-07T00:00:00Z,2024-09-08T00:00:00Z
fisaca.trodeckh.com,2024-03-10T00:00:00Z,2024-09-06T00:00:00Z
explore.atlester.ru,2024-02-14T00:00:00Z,2024-09-08T00:00:00Z
4m2swl.7e2r.com,2024-03-11T00:00:00Z,2024-09-07T00:00:00Z
43rw98nop8.m1p8z.com,2024-03-12T00:00:00Z,2024-09-08T00:00:00Z
77p3e.rimesh3.com,2023-12-12T00:00:00Z,2024-09-08T00:00:00Z
bloggcenter.com,2024-03-13T00:00:00Z,2024-06-18T00:00:00Z
25rw2.canweal.com,2024-03-12T00:00:00Z,2024-09-08T00:00:00Z
5me78.methw.ru,2024-03-13T00:00:00Z,2024-06-12T00:00:00Z
rlpq.tk9u.com,2024-02-20T00:00:00Z,2024-09-08T00:00:00Z
tycoongroup.ws,2023-07-29T00:00:00Z,2024-01-25T00:00:00Z
r298y.sem01.com,2024-02-29T00:00:00Z,2024-08-29T00:00:00Z
o6t94g.3tdx2r.com,2024-03-12T00:00:00Z,2024-09-08T00:00:00Z
n29k4.ilert.ru,2024-03-11T00:00:00Z,2024-09-08T00:00:00Z
galume.aricente.com,2024-03-11T00:00:00Z,2024-09-07T00:00:00Z
beacon.diremsto.com,2024-03-10T00:00:00Z,2024-09-06T00:00:00Z
9oc0y2isa27.demur3.com,2024-03-11T00:00:00Z,2024-09-07T00:00:00Z
codecrafterspro.com,2023-08-17T00:00:00Z,2024-02-13T00:00:00Z
codecrafters.su,2023-08-09T00:00:00Z,2024-02-05T00:00:00Z
zekal6.tnjxb.com,2024-03-12T00:00:00Z,2024-09-08T00:00:00Z
35fu2.ouchar.ru,2024-03-05T00:00:00Z,2024-09-07T00:00:00Z
devcraftingsolutions.com,2023-09-07T00:00:00Z,2024-03-05T00:00:00Z
n9zph.lw8opi.com,2024-03-12T00:00:00Z,2024-09-08T00:00:00Z
kjsdflwe.nitertym.ru,2023-12-20T00:00:00Z,2024-09-07T00:00:00Z
horizon.sologerg.com,2024-03-11T00:00:00Z,2024-09-07T00:00:00Z
zemj4f.ymarir.ru,2024-03-06T00:00:00Z,2024-09-02T00:00:00Z
e85t8.nechsha.com,2024-03-11T00:00:00Z,2024-09-07T00:00:00Z
6j312.rchan0.com,2024-03-07T00:00:00Z,2024-09-08T00:00:00Z
tnyr.moporins.com,2024-02-29T00:00:00Z,2024-09-08T00:00:00Z
fiq75d.rexj.ru,2024-02-29T00:00:00Z,2024-09-07T00:00:00Z
jp1y36.it2ua.com,2024-03-11T00:00:00Z,2024-09-07T00:00:00Z
